"iri","ontology_name","ontology_prefix","short_form","description","label","obo_id","type"
"http://purl.obolibrary.org/obo/NCIT_C12356","ncit","NCIT","NCIT_C12356","The four connected cavities (hollow spaces) centrally located within the brain that connect posteriorly with the central canal of the spinal cord.","Brain Ventricle","NCIT:C12356","class"
"http://purl.obolibrary.org/obo/NCIT_C12827","ncit","NCIT","NCIT_C12827","A centrally placed component of the ventricular system of the brain located in the diencephalon. Cerebrospinal fluid from the lateral ventricles flows into the third ventricle via the foramina of Monroe and exits the third ventricle via the aqueduct of Sylvius. The thalamus and hypothalamus border the lateral walls of the third ventricle.","Third Ventricle","NCIT:C12827","class"
"http://purl.obolibrary.org/obo/NCIT_C12828","ncit","NCIT","NCIT_C12828","A diamond-shaped cavity filled with cerebrospinal fluid within the pons extending between the obex in the caudal medulla and the aqueduct of Sylvius in the cerebellum.","Fourth Ventricle","NCIT:C12828","class"
"http://purl.obolibrary.org/obo/NCIT_C12834","ncit","NCIT","NCIT_C12834","The rostral extensions of the ventricular system of the brain consisting of two cavities, one on each side of the brain within the central regions of each cerebral hemisphere.  Cerebrospinal fluid flows from the lateral ventricles into the centrally third ventricle via the foramen of Monroe.","Lateral Ventricle","NCIT:C12834","class"
"http://purl.obolibrary.org/obo/NCIT_C12446","ncit","NCIT","NCIT_C12446","A white matter structure within the cleft that separates the left and right cerebral hemispheres in the mammalian brain. It is composed of a wide, flat bundle of 200-250 million axonal projections.","Corpus Callosum","NCIT:C12446","class"
"http://purl.obolibrary.org/obo/NCIT_C12445","ncit","NCIT","NCIT_C12445","The portion of the brain located at the base of the skull that is responsible for balance, equilibrium and movement.","Cerebellum","NCIT:C12445","class"
"http://purl.obolibrary.org/obo/NCIT_C12352","ncit","NCIT","NCIT_C12352","The part of the brain located anterior to the parietal lobes at the front of each cerebral hemisphere.","Frontal Lobe","NCIT:C12352","class"
"http://purl.obolibrary.org/obo/NCIT_C12354","ncit","NCIT","NCIT_C12354","One of the lobes of the cerebral hemisphere located superiorly to the occipital lobe and posteriorly to the frontal lobe. Cognition and visuospatial processing are its main functions.","Parietal Lobe","NCIT:C12354","class"
"http://purl.obolibrary.org/obo/NCIT_C12353","ncit","NCIT","NCIT_C12353","One of the cerebral lobes. It is located inferior to the frontal and parietal lobes and anterior to the occipital lobe.","Temporal Lobe","NCIT:C12353","class"
"http://purl.obolibrary.org/obo/NCIT_C12447","ncit","NCIT","NCIT_C12447","Clusters of neurons comprising the globus pallidus, putamen, caudate, nucleus accumbens, substantia nigra and subthalamic nucleus. They are involved with high level aspects of inhibitory motor activity in coordination with the excitation commands issued from the cerebellum.","Basal Ganglia","NCIT:C12447","class"
"http://purl.obolibrary.org/obo/NCIT_C12459","ncit","NCIT","NCIT_C12459","An ovoid mass composed predominantly of gray substance and associated laminae of white substance. The thalamus is divided into anterior, medial, and lateral parts. The function of the thalamus is to relay sensory impulses and cerebellar and basal ganglia projections to the cerebral cortex. The thalamus is positioned within the posterior part of the diencephalon forming most of each lateral wall of the third ventricle.","Thalamus","NCIT:C12459","class"
"http://purl.obolibrary.org/obo/NCIT_C12441","ncit","NCIT","NCIT_C12441","Three sections, the midbrain, pons and medulla oblongata, that are located at the base of the brain. The brain stem regulates the central nervous system, and is vital as a conduit for motor and sensory innervations.","Brain Stem","NCIT:C12441","class"
"http://purl.obolibrary.org/obo/NCIT_C12460","ncit","NCIT","NCIT_C12460","The dorsal part or roof plate of the midbrain, which consists of the pretectal area and the paired superior and inferior colliculi.","Tectum Mesencephali","NCIT:C12460","class"
"http://purl.obolibrary.org/obo/NCIT_C12511","ncit","NCIT","NCIT_C12511","The middle portion of the brainstem located between the midbrain and the medulla oblongata. The fourth ventricle lies dorsal to the pons which also contains the motor trigeminal nuclei and the abducens nuclei. The cerebellum contributes a large number of afferent fibers to the pons.","Pons Varolii","NCIT:C12511","class"
"http://purl.obolibrary.org/obo/NCIT_C12355","ncit","NCIT","NCIT_C12355","One of the four regions of cortex in each cerebral hemisphere. It is located posterior to the temporal lobe and inferior to the parietal lobe.","Occipital Lobe","NCIT:C12355","class"
"http://purl.obolibrary.org/obo/NCIT_C12442","ncit","NCIT","NCIT_C12442","The lower portion of the brainstem located between the pons and brainstem. This structure contains several descending and ascending tracts, lower cranial nerve nuclei, a significant proportion of the reticular system of the brainstem and other structures.","Medulla Oblongata","NCIT:C12442","class"
"http://purl.obolibrary.org/obo/NCIT_C12458","ncit","NCIT","NCIT_C12458","An important supervisory center in the brain, rich in ganglia, nerve fibers, and synaptic connections. It is composed of several sections called nuclei, each of which controls a specific function. The hypothalamus regulates body temperature, blood pressure, heartbeat, metabolism of fats and carbohydrates, and sugar levels in the blood. Through direct attachment to the pituitary gland, the hypothalamus also meters secretions controlling water balance and milk production in the female. The role of the hypothalamus in awareness of pleasure and pain is well established in the laboratory. It is involved in the expression of emotions, such as fear and rage, and in sexual behaviors. Despite its numerous vital functions, the hypothalamus in humans accounts for only 1/300 of total brain weight, and is about the size of an almond. Structurally, it is joined to the thalamus; the two work together to monitor the sleep-wake cycle.","Hypothalamus","NCIT:C12458","class"
"http://purl.obolibrary.org/obo/NCIT_C54057","ncit","NCIT","NCIT_C54057","A region of the brain at the junction of the pons, cerebellum, and medulla. It is a frequent site of tumor formation.","Cerebellopontine Angle","NCIT:C54057","class"
"http://purl.obolibrary.org/obo/NCIT_C12444","ncit","NCIT","NCIT_C12444","A curved gray matter structure of the temporal lobe lying on the floor of the lateral ventricle of the brain.","Hippocampus","NCIT:C12444","class"
"http://purl.obolibrary.org/obo/NCIT_C12443","ncit","NCIT","NCIT_C12443","The outer layer of the cerebrum composed of neurons and unmyelinated nerve fibers. It is responsible for memory, attention, consciousness and other higher levels of mental function.","Cerebral Cortex","NCIT:C12443","class"
"http://purl.obolibrary.org/obo/NCIT_C12509","ncit","NCIT","NCIT_C12509","A region in the brain that is located below the tentorium cerebelli and contains the cerebellum.","Infratentorial Brain","NCIT:C12509","class"
"http://purl.obolibrary.org/obo/NCIT_C32278","ncit","NCIT","NCIT_C32278","An invaginated portion of the cerebral cortex forming the base of the sylvian fissure.  It is part of the lateral side of the cortex and its function includes the processing of emotions, memory, and higher autonomic control.","Central Lobe","NCIT:C32278","class"
"http://purl.obolibrary.org/obo/NCIT_C90609","ncit","NCIT","NCIT_C90609","An anatomic structure formed by the crossing of the two optic nerves under the hypothalamus.","Optic Chiasm","NCIT:C90609","class"
"http://purl.obolibrary.org/obo/NCIT_C12892","ncit","NCIT","NCIT_C12892","The portion of the spinal cord located in the cervical region.","Cervical Spinal Cord","NCIT:C12892","class"
"http://purl.obolibrary.org/obo/NCIT_C12894","ncit","NCIT","NCIT_C12894","The portion of the spinal cord located in the thoracic region.","Thoracic Spinal Cord","NCIT:C12894","class"
"http://purl.obolibrary.org/obo/NCIT_C32488","ncit","NCIT","NCIT_C32488","The outermost, toughest, and most fibrous of the three membranes (meninges) that surround and protect the brain and spinal cord.","Dura Mater","NCIT:C32488","class"
"http://purl.obolibrary.org/obo/NCIT_C49799","ncit","NCIT","NCIT_C49799","Evidence of spinal cord dura mater.","Spinal Cord Dura Mater","NCIT:C49799","class"
"http://purl.obolibrary.org/obo/NCIT_C12348","ncit","NCIT","NCIT_C12348","Any one of three membranes that surround the brain and spinal cord.","Meninges","NCIT:C12348","class"
"http://purl.obolibrary.org/obo/NCIT_C12439","ncit","NCIT","NCIT_C12439","An organ composed of grey and white matter containing billions of neurons that is the center for intelligence and reasoning. It is protected by the bony cranium.","Brain","NCIT:C12439","class"
"http://purl.obolibrary.org/obo/NCIT_C41445","ncit","NCIT","NCIT_C41445","A set of neural connections within the central nervous system, beginning with the retina and terminating in the occipital cortex, that provides the ability to process visual images.","Visual Pathway","NCIT:C41445","class"
"http://purl.obolibrary.org/obo/NCIT_C12761","ncit","NCIT","NCIT_C12761","The second cranial nerve.","Optic Nerve","NCIT:C12761","class"
"http://purl.obolibrary.org/obo/NCIT_C12438","ncit","NCIT","NCIT_C12438","The part of the nervous system that consists of the brain, spinal cord, and meninges.","Central Nervous System","NCIT:C12438","class"
"http://purl.obolibrary.org/obo/NCIT_C13056","ncit","NCIT","NCIT_C13056","One of the contractile organs of the body.","Muscle","NCIT:C13056","class"
"http://purl.obolibrary.org/obo/NCIT_C33422","ncit","NCIT","NCIT_C33422","Muscles of the lower back whose actions involve the flexion of the hips and lumbar spine. The term may refer to psoas major muscle and psoas minor muscle, both located in the lower back.","Psoas Muscle","NCIT:C33422","class"
"http://purl.obolibrary.org/obo/NCIT_C52890","ncit","NCIT","NCIT_C52890","A muscle located in the anterior aspect of the abdominal wall.","Anterior Abdominal Wall Muscle","NCIT:C52890","class"
"http://purl.obolibrary.org/obo/NCIT_C78205","ncit","NCIT","NCIT_C78205","Any of the skeletal muscles that form the buttocks. These muscles are responsible for hip abduction and extension as well as movement of the thigh.","Gluteal Muscle","NCIT:C78205","class"
"http://purl.obolibrary.org/obo/NCIT_C105638","ncit","NCIT","NCIT_C105638","One of the three gluteal muscles on the lateral surface of the pelvic bone that abducts and rotates the thigh located on the left side of the body.","Left Gluteus Medius","NCIT:C105638","class"
"http://purl.obolibrary.org/obo/NCIT_C33743","ncit","NCIT","NCIT_C33743","A fan-shaped muscle of mastication that originates from and fills the temporal fossa, and inserts on the coronoid process of the mandible; it functions to elevate and retract the mandible.","Temporal Muscle","NCIT:C33743","class"
"http://purl.obolibrary.org/obo/NCIT_C12702","ncit","NCIT","NCIT_C12702","Fibromuscular tissue that separates the thoracic from the abdominal cavity. It increases the volume of the thoracic cavity through contractions, thus facilitating respiration.","Diaphragm","NCIT:C12702","class"
"http://purl.obolibrary.org/obo/NCIT_C32042","ncit","NCIT","NCIT_C32042","Two cup shaped areas, one each on the lateral side of the lower pelvis that house the head of the femur to form the ball and socket joint of the hip.","Acetabulum","NCIT:C32042","class"
"http://purl.obolibrary.org/obo/NCIT_C32497","ncit","NCIT","NCIT_C32497","A type of hinge joint located between the forearm and upper arm.","Elbow Joint","NCIT:C32497","class"
"http://purl.obolibrary.org/obo/NCIT_C32078","ncit","NCIT","NCIT_C32078","A gliding joint between the distal ends of the tibia and fibula and the proximal end of the talus.","Ankle Joint","NCIT:C32078","class"
"http://purl.obolibrary.org/obo/NCIT_C32898","ncit","NCIT","NCIT_C32898","A joint connecting the lower part of the femur with the upper part of the tibia. The lower part of the femur and the upper part of the tibia are attached to each other by ligaments. Other structures of the knee joint include the upper part of the fibula, located below and parallel to the tibia, and the patella which moves as the knee bends.","Knee Joint","NCIT:C32898","class"
"http://purl.obolibrary.org/obo/NCIT_C12366","ncit","NCIT","NCIT_C12366","The structural organ comprised of specialized connective tissue that forms the skeletal components of the body.","Bone","NCIT:C12366","class"
"http://purl.obolibrary.org/obo/NCIT_C12933","ncit","NCIT","NCIT_C12933","Any of thirty-three ring-shaped structures that form the vertebral column which surrounds and protects the spinal cord. Each vertebra consists of a bony body with its superior and inferior articular surfaces covered by hyaline cartilage. The body includes the centrum anteriorly and vertebral arch posteriorly. The articular surfaces of the vertebrae are connected by a fibrocartilaginous intervertebral disc.","Vertebra","NCIT:C12933","class"
"http://purl.obolibrary.org/obo/NCIT_C32242","ncit","NCIT","NCIT_C32242","The fourth of the seven cervical vertebrae.","C4 Vertebra","NCIT:C32242","class"
"http://purl.obolibrary.org/obo/NCIT_C32245","ncit","NCIT","NCIT_C32245","The seventh of the seven cervical vertebrae.","C7 Vertebra","NCIT:C32245","class"
"http://purl.obolibrary.org/obo/NCIT_C33720","ncit","NCIT","NCIT_C33720","The first thoracic vertebra counting from the top down.","T1 Vertebra","NCIT:C33720","class"
"http://purl.obolibrary.org/obo/NCIT_C33725","ncit","NCIT","NCIT_C33725","The third thoracic vertebra counting from the top down.","T3 Vertebra","NCIT:C33725","class"
"http://purl.obolibrary.org/obo/NCIT_C33726","ncit","NCIT","NCIT_C33726","The fourth thoracic vertebra counting from the top down.","T4 Vertebra","NCIT:C33726","class"
"http://purl.obolibrary.org/obo/NCIT_C33722","ncit","NCIT","NCIT_C33722","The eleventh thoracic vertebra counting from the top down.","T11 Vertebra","NCIT:C33722","class"
"http://purl.obolibrary.org/obo/NCIT_C33721","ncit","NCIT","NCIT_C33721","The tenth thoracic vertebra counting from the top down.","T10 Vertebra","NCIT:C33721","class"
"http://purl.obolibrary.org/obo/NCIT_C33724","ncit","NCIT","NCIT_C33724","The second thoracic vertebra counting from the top down.","T2 Vertebra","NCIT:C33724","class"
"http://purl.obolibrary.org/obo/NCIT_C33727","ncit","NCIT","NCIT_C33727","The fifth thoracic vertebra counting from the top down.","T5 Vertebra","NCIT:C33727","class"
"http://purl.obolibrary.org/obo/NCIT_C33728","ncit","NCIT","NCIT_C33728","The sixth thoracic vertebra counting from the top down.","T6 Vertebra","NCIT:C33728","class"
"http://purl.obolibrary.org/obo/NCIT_C33730","ncit","NCIT","NCIT_C33730","The eighth thoracic vertebra counting from the top down.","T8 Vertebra","NCIT:C33730","class"
"http://purl.obolibrary.org/obo/NCIT_C33731","ncit","NCIT","NCIT_C33731","The ninth thoracic vertebra counting from the top down.","T9 Vertebra","NCIT:C33731","class"
"http://purl.obolibrary.org/obo/NCIT_C32900","ncit","NCIT","NCIT_C32900","The second lumbar vertebra counting from the top down.","L2 Vertebra","NCIT:C32900","class"
"http://purl.obolibrary.org/obo/NCIT_C52762","ncit","NCIT","NCIT_C52762","The sixth rib counting from the top of the rib cage down.","Rib 6","NCIT:C52762","class"
"http://purl.obolibrary.org/obo/NCIT_C52761","ncit","NCIT","NCIT_C52761","The seventh rib counting from the top of the rib cage down.","Rib 7","NCIT:C52761","class"
"http://purl.obolibrary.org/obo/NCIT_C52759","ncit","NCIT","NCIT_C52759","The ninth rib counting from the top of the rib cage down.","Rib 9","NCIT:C52759","class"
"http://purl.obolibrary.org/obo/NCIT_C12783","ncit","NCIT","NCIT_C12783","The flat triangle-shaped bone that connects the humerus with the clavicle in the back of the shoulder.","Scapula","NCIT:C12783","class"
"http://purl.obolibrary.org/obo/NCIT_C12793","ncit","NCIT","NCIT_C12793","The long, flat bone connecting with the cartilages of the first seven ribs and the clavicle.","Sternum","NCIT:C12793","class"
"http://purl.obolibrary.org/obo/NCIT_C12711","ncit","NCIT","NCIT_C12711","A light and spongy bone that is cubical in shape. This bone is positioned at the anterior part of the cranium, sitting between the two orbits, at the roof of the nose. It consists of four parts: a horizontal or cribriform plate; a perpendicular plate; and two lateral masses or labyrinths.","Ethmoid Bone","NCIT:C12711","class"
"http://purl.obolibrary.org/obo/NCIT_C12290","ncit","NCIT","NCIT_C12290","The lower jaw bone holding the lower teeth.","Mandible","NCIT:C12290","class"
"http://purl.obolibrary.org/obo/NCIT_C26470","ncit","NCIT","NCIT_C26470","The upper jawbone in vertebrates; it is fused to the cranium.","Maxilla","NCIT:C26470","class"
"http://purl.obolibrary.org/obo/NCIT_C33508","ncit","NCIT","NCIT_C33508","The triangular bone, made up of 5 fused bones of the spine, located in the lower area of the spine between the fifth lumbar vertebra and the coccyx.","Sacrum","NCIT:C33508","class"
"http://purl.obolibrary.org/obo/NCIT_C12717","ncit","NCIT","NCIT_C12717","The upper leg bone positioned between the pelvis and the knee.","Femur","NCIT:C12717","class"
"http://purl.obolibrary.org/obo/NCIT_C12731","ncit","NCIT","NCIT_C12731","The upper arm bone between the shoulder and elbow.","Humerus","NCIT:C12731","class"
"http://purl.obolibrary.org/obo/NCIT_C32765","ncit","NCIT","NCIT_C32765","The broad, dorsal, upper, and widest of the three principal bones composing either half of the pelvis.","Ilium","NCIT:C32765","class"
"http://purl.obolibrary.org/obo/NCIT_C33423","ncit","NCIT","NCIT_C33423","Either of the two bones (left and right) that form the front of the pelvis.","Pubic Bone","NCIT:C33423","class"
"http://purl.obolibrary.org/obo/NCIT_C33160","ncit","NCIT","NCIT_C33160","The thin wall between the two nasal cavities.","Nasal Septum","NCIT:C33160","class"
"http://purl.obolibrary.org/obo/NCIT_C69315","ncit","NCIT","NCIT_C69315","The vertebrae of the thoracic spine, numbered one through twelve in man.","Thoracic Spine","NCIT:C69315","class"
"http://purl.obolibrary.org/obo/NCIT_C69314","ncit","NCIT","NCIT_C69314","Those vertebrae between the ribs and the pelvis, L1-L5 in man.","Lumbar Spine","NCIT:C69314","class"
"http://purl.obolibrary.org/obo/NCIT_C61563","ncit","NCIT","NCIT_C61563","The short, constricted portion of the thigh bone between the femur head and the trochanter.","Femoral Neck","NCIT:C61563","class"
"http://purl.obolibrary.org/obo/NCIT_C32718","ncit","NCIT","NCIT_C32718","The highest portion of the femoral bone that articulates with the acetabulum.","Head of the Femur","NCIT:C32718","class"
"http://purl.obolibrary.org/obo/NCIT_C12998","ncit","NCIT","NCIT_C12998","A series of bones, muscles, tendons, and other tissues reaching from the base of the skull to the tailbone. The vertebral column forms the axis of the skeleton and encloses as well as protects the spinal cord and the fluid surrounding the spinal cord.","Vertebral Column","NCIT:C12998","class"
"http://purl.obolibrary.org/obo/NCIT_C12789","ncit","NCIT","NCIT_C12789","The bones that form the head, made up of the bones of the braincase and face.","Skull","NCIT:C12789","class"
"http://purl.obolibrary.org/obo/NCIT_C12493","ncit","NCIT","NCIT_C12493","The portion of the skull that forms the floor on which the brain lies. The internal surface of the cranial base has three large depressions that lie on different levels known as the anterior, middle, and posterior cranial fossae.","Base of the Skull","NCIT:C12493","class"
"http://purl.obolibrary.org/obo/NCIT_C41449","ncit","NCIT","NCIT_C41449","Space between the dura mater and the walls of the vertebral canal.","Epidural Spinal Canal Space","NCIT:C41449","class"
"http://purl.obolibrary.org/obo/NCIT_C13071","ncit","NCIT","NCIT_C13071","The anterior portion of the head extending from the forehead to the chin and ear to ear. The facial structures contain the eyes, nose and mouth, cheeks and jaws.","Face","NCIT:C13071","class"
"http://purl.obolibrary.org/obo/NCIT_C33475","ncit","NCIT","NCIT_C33475","The fallopian tube that extends from the uterus to the ovary in the right side of the pelvic cavity.","Right Fallopian Tube","NCIT:C33475","class"
"http://purl.obolibrary.org/obo/NCIT_C12404","ncit","NCIT","NCIT_C12404","One of the paired female reproductive glands containing the ova or germ cells; the ovary's stroma is a vascular connective tissue containing numbers of ovarian follicles enclosing the ova.","Ovary","NCIT:C12404","class"
"http://purl.obolibrary.org/obo/NCIT_C156431","ncit","NCIT","NCIT_C156431","The part of the endometrium that is located in the anterior uterine wall.","Anterior Endometrium","NCIT:C156431","class"
"http://purl.obolibrary.org/obo/NCIT_C12311","ncit","NCIT","NCIT_C12311","The lower part of the uterus occupying the region between the isthmus of the uterus and the vagina. It is divided into supravaginal and vaginal portions.","Cervix Uteri","NCIT:C12311","class"
"http://purl.obolibrary.org/obo/NCIT_C156432","ncit","NCIT","NCIT_C156432","The part of the endometrium that is located in the posterior uterine wall.","Posterior Endometrium","NCIT:C156432","class"
"http://purl.obolibrary.org/obo/NCIT_C13094","ncit","NCIT","NCIT_C13094","The upper, smaller part of the prostate between the ejaculatory ducts and the urethra.","Middle Lobe of the Prostate","NCIT:C13094","class"
"http://purl.obolibrary.org/obo/NCIT_C13087","ncit","NCIT","NCIT_C13087","The lowest part of the prostate gland adjacent to the superior fascia of the urogenital diaphragm.","Apex of the Prostate","NCIT:C13087","class"
"http://purl.obolibrary.org/obo/NCIT_C13088","ncit","NCIT","NCIT_C13088","The uppermost part of the prostate gland adjacent to the bladder wall.","Base of the Prostate","NCIT:C13088","class"
"http://purl.obolibrary.org/obo/NCIT_C12324","ncit","NCIT","NCIT_C12324","The most distal portion of the penis covered by the foreskin.","Glans Penis","NCIT:C12324","class"
"http://purl.obolibrary.org/obo/NCIT_C32098","ncit","NCIT","NCIT_C32098","The area between the lungs; it contains the thymus, some lymph nodes, and vessels and branches of the internal thoracic artery.","Anterior Mediastinum","NCIT:C32098","class"
"http://purl.obolibrary.org/obo/NCIT_C33368","ncit","NCIT","NCIT_C33368","The part of the lower portion of the mediastinum that is located behind the pericardium.","Posterior Mediastinum","NCIT:C33368","class"
"http://purl.obolibrary.org/obo/NCIT_C12270","ncit","NCIT","NCIT_C12270","The part of the pancreas from the point where it crosses the portal vein to the point where it enters the lienorenal ligament.","Body of the Pancreas","NCIT:C12270","class"
"http://purl.obolibrary.org/obo/NCIT_C12271","ncit","NCIT","NCIT_C12271","The left extremity of the pancreas within the lienorenal ligament.","Tail of the Pancreas","NCIT:C12271","class"
"http://purl.obolibrary.org/obo/NCIT_C12269","ncit","NCIT","NCIT_C12269","That portion of the pancreas lying in the concavity of the duodenum.","Head of the Pancreas","NCIT:C12269","class"
"http://purl.obolibrary.org/obo/NCIT_C62432","ncit","NCIT","NCIT_C62432","A portion of the pancreas that extends behind the superior mesenteric artery and superior mesenteric vein.","Uncinate Process of Pancreas","NCIT:C62432","class"
"http://purl.obolibrary.org/obo/NCIT_C32965","ncit","NCIT","NCIT_C32965","The smaller lobe of the liver extending into the left side of the body.","Left Lobe of the Liver","NCIT:C32965","class"
"http://purl.obolibrary.org/obo/NCIT_C33481","ncit","NCIT","NCIT_C33481","The larger lobe of the liver extending into the right side of the body.","Right Lobe of the Liver","NCIT:C33481","class"
"http://purl.obolibrary.org/obo/NCIT_C12259","ncit","NCIT","NCIT_C12259","The initial part of the pyloric canal of the stomach. This site contains endocrine cells that produce gastrin and somatostatin.","Antrum Pylori","NCIT:C12259","class"
"http://purl.obolibrary.org/obo/NCIT_C12380","ncit","NCIT","NCIT_C12380","Small tissue projection existing as a cecal diverticulum with a questionable history of vestigial versus specialized organ.","Appendix","NCIT:C12380","class"
"http://purl.obolibrary.org/obo/NCIT_C12265","ncit","NCIT","NCIT_C12265","The first part of the colon (large intestine) that starts in the right lower quadrant of the abdomen and ends at the transverse colon in the right upper quadrant of the abdomen.","Ascending Colon","NCIT:C12265","class"
"http://purl.obolibrary.org/obo/NCIT_C12266","ncit","NCIT","NCIT_C12266","The bend of the colon at the juncture of its ascending and transverse portions.","Hepatic Flexure","NCIT:C12266","class"
"http://purl.obolibrary.org/obo/NCIT_C12385","ncit","NCIT","NCIT_C12385","The third division of the colon (large intestine). It communicates with the ascending colon in the upper right-hand quadrant of the abdomen and the descending colon in the upper left-hand quadrant.","Transverse Colon","NCIT:C12385","class"
"http://purl.obolibrary.org/obo/NCIT_C12258","ncit","NCIT","NCIT_C12258","The main section of the digestive tube that connects the esophagus to the small intestine. The body proper excludes the upper and lower sections of the fundus and pyloric portion respectively.","Body of Stomach","NCIT:C12258","class"
"http://purl.obolibrary.org/obo/NCIT_C12381","ncit","NCIT","NCIT_C12381","A blind pouch-like commencement of the colon in the right lower quadrant of the abdomen at the end of the small intestine and the start of the large intestine.","Cecum","NCIT:C12381","class"
"http://purl.obolibrary.org/obo/NCIT_C12256","ncit","NCIT","NCIT_C12256","The area around the esophagogastric mucosal junction where the esophageal mucosa transitions into the gastric mucosa.","Gastric Cardia","NCIT:C12256","class"
"http://purl.obolibrary.org/obo/NCIT_C12382","ncit","NCIT","NCIT_C12382","The part of the large intestine measured from the cecum to the rectum consisting of ascending, transverse, descending and sigmoid portions. The purpose of the colon is to remove water from digested food prior to excretion.","Colon","NCIT:C12382","class"
"http://purl.obolibrary.org/obo/NCIT_C12268","ncit","NCIT","NCIT_C12268","The fourth portion of the large intestine (colon) that communicates with the transverse colon in the left-upper quadrant of the abdomen and the rectum below.","Descending Colon","NCIT:C12268","class"
"http://purl.obolibrary.org/obo/NCIT_C12390","ncit","NCIT","NCIT_C12390","The terminal portion of the gastrointestinal tract, extending from the rectosigmoid junction to the anal canal.","Rectum","NCIT:C12390","class"
"http://purl.obolibrary.org/obo/NCIT_C12257","ncit","NCIT","NCIT_C12257","The portion of the stomach that lies above the cardiac notch. It allows for the accumulation of gases produced by chemical digestion.","Fundus of the Stomach","NCIT:C12257","class"
"http://purl.obolibrary.org/obo/NCIT_C32668","ncit","NCIT","NCIT_C32668","The anatomical location where the esophagus joins to the stomach.","Gastroesophageal Junction","NCIT:C32668","class"
"http://purl.obolibrary.org/obo/NCIT_C12262","ncit","NCIT","NCIT_C12262","The lateral and inferior border of the stomach. Attached to it is the greater omentum.","Greater Curvature of the Stomach","NCIT:C12262","class"
"http://purl.obolibrary.org/obo/NCIT_C12386","ncit","NCIT","NCIT_C12386","The section of the intestines between the pylorus and cecum. The small intestine is approximately 20 feet long and consists of the duodenum, the jejunum, and the ileum. Its main function is to absorb nutrients from food as the food is transported to the large intestine.","Small Intestine","NCIT:C12386","class"
"http://purl.obolibrary.org/obo/NCIT_C33929","ncit","NCIT","NCIT_C33929","The portion of the large intestine that includes the descending and sigmoid colon.","Left Colon","NCIT:C33929","class"
"http://purl.obolibrary.org/obo/NCIT_C12261","ncit","NCIT","NCIT_C12261","The right border of the stomach.  It is concave in shape and extends from the cardiac orifice to the pyloric orifice.","Lesser Curvature of the Stomach","NCIT:C12261","class"
"http://purl.obolibrary.org/obo/NCIT_C32993","ncit","NCIT","NCIT_C32993","An area of hepatocytes that are closest to an arteriole. Because of their close proximity to oxygenated blood, the cells in this zone carry out oxidative processes such as beta-oxidation, cholesterol synthesis and gluconeogenesis.","Liver Acinus Zone 1","NCIT:C32993","class"
"http://purl.obolibrary.org/obo/NCIT_C12260","ncit","NCIT","NCIT_C12260","The lower part of the stomach that connects to the duodenum.","Pylorus","NCIT:C12260","class"
"http://purl.obolibrary.org/obo/NCIT_C12383","ncit","NCIT","NCIT_C12383","The proximal segment of the large intestine that is located in the right side of the abdominal cavity. It includes the cecum (with the attached appendix) and the ascending colon.","Right Colon","NCIT:C12383","class"
"http://purl.obolibrary.org/obo/NCIT_C12384","ncit","NCIT","NCIT_C12384","The portion of the colon that connects to the descending colon above and the rectum below.","Sigmoid Colon","NCIT:C12384","class"
"http://purl.obolibrary.org/obo/NCIT_C12267","ncit","NCIT","NCIT_C12267","The bend at the junction of the transverse and descending colon.","Splenic Flexure","NCIT:C12267","class"
"http://purl.obolibrary.org/obo/NCIT_C33757","ncit","NCIT","NCIT_C33757","The most distal section of the ileum that is continuous with the cecum.","Terminal Ileum","NCIT:C33757","class"
"http://purl.obolibrary.org/obo/NCIT_C52589","ncit","NCIT","NCIT_C52589","The surface of the tooth facing or in direct contact with the oral mucosa of the cheek.","Buccal Surface","NCIT:C52589","class"
"http://purl.obolibrary.org/obo/NCIT_C12763","ncit","NCIT","NCIT_C12763","Any one of the air-filled spaces within the ethmoid, frontal, maxillary, or sphenoid bones, which communicate with the nasal cavity.","Paranasal Sinus","NCIT:C12763","class"
"http://purl.obolibrary.org/obo/NCIT_C12276","ncit","NCIT","NCIT_C12276","A sinus of the meatuses of the nasal cavity.","Ethmoid Sinus","NCIT:C12276","class"
"http://purl.obolibrary.org/obo/NCIT_C12275","ncit","NCIT","NCIT_C12275","A pyramidal-shaped, thin-walled, air-filled cavity located in the maxilla. It is lined by mucus membrane and periosteum (mucoperiosteum) which contains cilia. It is adjacent to the nasal cavity and communicates with the middle meatus of the nose. It is the largest paranasal sinus and is composed of three recesses: alveolar, zygomatic, and infraorbital.","Maxillary Sinus","NCIT:C12275","class"
"http://purl.obolibrary.org/obo/NCIT_C32575","ncit","NCIT","NCIT_C32575","The arched strip of hair on the bony ridge above each eye socket.","Eyebrow","NCIT:C32575","class"
"http://purl.obolibrary.org/obo/NCIT_C12228","ncit","NCIT","NCIT_C12228","The posterior one third of the tongue behind the terminal sulcus that forms the anterior aspect of the oro-pharynx responsible for swallowing and modification of the voice in speech.","Base of Tongue","NCIT:C12228","class"
"http://purl.obolibrary.org/obo/NCIT_C81169","ncit","NCIT","NCIT_C81169","The part of the face below the lower lip and including the protruding part of the lower jaw.","Mentum","NCIT:C81169","class"
"http://purl.obolibrary.org/obo/NCIT_C54187","ncit","NCIT","NCIT_C54187","The horseshoe-shaped part of the oral cavity bounded superiorly by the ventral surface of the tongue, inferiorly by the mylohyoid muscle, anterolaterally by the gingival surfaces of the mandible, and posteriorly by the anterior tonsillar pillar.","Floor of Mouth","NCIT:C54187","class"
"http://purl.obolibrary.org/obo/NCIT_C12230","ncit","NCIT","NCIT_C12230","The bony anterior part of the roof of the mouth separating the nose from the mouth.","Hard Palate","NCIT:C12230","class"
"http://purl.obolibrary.org/obo/NCIT_C12246","ncit","NCIT","NCIT_C12246","The lower part of the pharynx that connects to the esophagus.","Hypopharynx","NCIT:C12246","class"
"http://purl.obolibrary.org/obo/NCIT_C12346","ncit","NCIT","NCIT_C12346","Paired, almond-shaped exocrine glands situated superior and posterior to each orbit of the eye that produce and secrete the watery serous component of tears.","Lacrimal Gland","NCIT:C12346","class"
"http://purl.obolibrary.org/obo/NCIT_C12420","ncit","NCIT","NCIT_C12420","The cartilaginous structure of the respiratory tract between the pharynx and the trachea. It contains elastic vocal cords required for sound production.","Larynx","NCIT:C12420","class"
"http://purl.obolibrary.org/obo/NCIT_C12220","ncit","NCIT","NCIT_C12220","Fleshy fold which surrounds the opening of the mouth.","Lip","NCIT:C12220","class"
"http://purl.obolibrary.org/obo/NCIT_C12424","ncit","NCIT","NCIT_C12424","The proximal portion of the respiratory passages on either side of the nasal septum lying between the floor of the cranium and the roof of the mouth and extending from the face to the pharynx. The nasal cavity is lined with ciliated mucosa, extending from the nares to the pharynx.","Nasal Cavity","NCIT:C12424","class"
"http://purl.obolibrary.org/obo/NCIT_C12423","ncit","NCIT","NCIT_C12423","The part of the pharynx in the back of the throat, at and above the soft palate. The nasopharynx is continuous with the nasal passages.","Nasopharynx","NCIT:C12423","class"
"http://purl.obolibrary.org/obo/NCIT_C12762","ncit","NCIT","NCIT_C12762","The part of the pharynx between the soft palate and the upper portion of the epiglottis.","Oropharynx","NCIT:C12762","class"
"http://purl.obolibrary.org/obo/NCIT_C12229","ncit","NCIT","NCIT_C12229","The roof of the oral cavity. It separates the oral cavity from the nasal cavity.","Palate","NCIT:C12229","class"
"http://purl.obolibrary.org/obo/NCIT_C12425","ncit","NCIT","NCIT_C12425","A hollow tube that starts posterior to the mouth and nasal cavity and ends superior to the trachea and esophagus.","Pharynx","NCIT:C12425","class"
"http://purl.obolibrary.org/obo/NCIT_C54223","ncit","NCIT","NCIT_C54223","A triangular-shaped area of mucosa located posterior the last mandibular molar tooth.","Retromolar Trigone","NCIT:C54223","class"
"http://purl.obolibrary.org/obo/NCIT_C54292","ncit","NCIT","NCIT_C54292","The area of the head comprised of the nasal cavity and paranasal sinuses.","Sinonasal Tract","NCIT:C54292","class"
"http://purl.obolibrary.org/obo/NCIT_C12231","ncit","NCIT","NCIT_C12231","The muscular extension of the hard palate which comprises the posterior of the oral cavity and the floor of the nasal cavity.","Soft Palate","NCIT:C12231","class"
"http://purl.obolibrary.org/obo/NCIT_C12336","ncit","NCIT","NCIT_C12336","The inferior portion of the urinary bladder which is formed as the walls of the bladder converge and become contiguous with the proximal urethra.","Bladder Neck","NCIT:C12336","class"
"http://purl.obolibrary.org/obo/NCIT_C12887","ncit","NCIT","NCIT_C12887","The funnel-shaped proximal portion of the ureter located within the kidney into which urine is secreted, from the collecting duct system of the kidney.","Renal Pelvis","NCIT:C12887","class"
"http://purl.obolibrary.org/obo/NCIT_C142328","ncit","NCIT","NCIT_C142328","The division of the urinary tract comprising the kidney and the ureters.","Upper Urinary System","NCIT:C142328","class"
"http://purl.obolibrary.org/obo/NCIT_C33361","ncit","NCIT","NCIT_C33361","The infratentorial compartment of the cranial cavity. Its boundaries are formed by the sphenoid bone, temporal bone, and parietal bone, and it contains the cerebellum and brain stem.","Posterior Cranial Fossa","NCIT:C33361","class"
"http://purl.obolibrary.org/obo/NCIT_C12728","ncit","NCIT","NCIT_C12728","The paired upper chambers of the heart. The left atrium receives oxygenated blood from the pulmonary vein and pumps blood into the left ventricle. The right atrium receives venous deoxygenated blood from the entire body via the superior and inferior vena cavae and pumps blood into the right ventricle.","Cardiac Atrium","NCIT:C12728","class"
"http://purl.obolibrary.org/obo/NCIT_C52846","ncit","NCIT","NCIT_C52846","A major abdominal artery that arises from the abdominal aorta below the diaphragm.  It supplies blood to the digestive organs. It has three major branches, left gastric artery, common hepatic artery, and splenic artery.","Celiac Artery","NCIT:C52846","class"
"http://purl.obolibrary.org/obo/NCIT_C116179","ncit","NCIT","NCIT_C116179","The portion of the abdominal aorta that lies below the kidneys.","Infrarenal Aortic Segment","NCIT:C116179","class"
"http://purl.obolibrary.org/obo/NCIT_C12817","ncit","NCIT","NCIT_C12817","A large vein which returns blood from the head, neck and extremities to the heart.","Vena Cava","NCIT:C12817","class"
"http://purl.obolibrary.org/obo/NCIT_C33462","ncit","NCIT","NCIT_C33462","The veins which return blood from the kidneys to the vena cava.","Renal Vein","NCIT:C33462","class"
"http://purl.obolibrary.org/obo/NCIT_C33447","ncit","NCIT","NCIT_C33447","The peritoneal reflection of the superior part of the posterior wall of the vagina, anterior to the rectum, which is the deepest point of the peritoneal cavity in females.","Recto-Vaginal Pouch","NCIT:C33447","class"
"http://purl.obolibrary.org/obo/NCIT_C32974","ncit","NCIT","NCIT_C32974","The portion of the lower extremity between the knee and the ankle. For clinical purposes this term is also used to refer to the whole inferior limb.","Leg","NCIT:C32974","class"
"http://purl.obolibrary.org/obo/NCIT_C176864","ncit","NCIT","NCIT_C176864","The portion of the lower extremity between the knee and the ankle on the left side of the body.","Left Leg","NCIT:C176864","class"
"http://purl.obolibrary.org/obo/NCIT_C33763","ncit","NCIT","NCIT_C33763","A part of the lower limb, located between hip and knee.","Thigh","NCIT:C33763","class"
"http://purl.obolibrary.org/obo/NCIT_C105632","ncit","NCIT","NCIT_C105632","A part of the lower limb, located between the hip and the knee and located on the left side of the body.","Left Thigh","NCIT:C105632","class"
"http://purl.obolibrary.org/obo/NCIT_C105637","ncit","NCIT","NCIT_C105637","A part of the lower limb, located between the hip and the knee and located on the right side of the body.","Right Thigh","NCIT:C105637","class"
"http://purl.obolibrary.org/obo/NCIT_C32622","ncit","NCIT","NCIT_C32622","The structure found below the ankle joint.","Foot","NCIT:C32622","class"
"http://purl.obolibrary.org/obo/NCIT_C32141","ncit","NCIT","NCIT_C32141","The portion of the upper extremity between the shoulder and the elbow. For clinical purposes this term is also used to refer to the whole superior limb.","Arm","NCIT:C32141","class"
"http://purl.obolibrary.org/obo/NCIT_C105633","ncit","NCIT","NCIT_C105633","The portion of the upper extremity between the shoulder and the wrist and located on the left side of the body.","Left Arm","NCIT:C105633","class"
"http://purl.obolibrary.org/obo/NCIT_C32628","ncit","NCIT","NCIT_C32628","The structure on the upper limb, between the elbow and the wrist.","Forearm","NCIT:C32628","class"
"http://purl.obolibrary.org/obo/NCIT_C32712","ncit","NCIT","NCIT_C32712","The distal portion of the upper extremity. It consists of the carpus, metacarpus, and digits.","Hand","NCIT:C32712","class"
"http://purl.obolibrary.org/obo/NCIT_C33209","ncit","NCIT","NCIT_C33209","A fold of peritoneum originating at the stomach and supporting the viscera.","Omentum","NCIT:C33209","class"
"http://purl.obolibrary.org/obo/NCIT_C32697","ncit","NCIT","NCIT_C32697","A large fold of peritoneum that hangs down from the stomach, and extends from the stomach to the posterior abdominal wall after associating with the transverse colon.","Greater Omentum","NCIT:C32697","class"
"http://purl.obolibrary.org/obo/NCIT_C12287","ncit","NCIT","NCIT_C12287","The bottom most subdivision of either the right or left lung.","Lower Lobe of the Lung","NCIT:C12287","class"
"http://purl.obolibrary.org/obo/NCIT_C33020","ncit","NCIT","NCIT_C33020","The larger lobe of the left lung, situated below and behind the oblique fissure.","Lower Lobe of the Left Lung","NCIT:C33020","class"
"http://purl.obolibrary.org/obo/NCIT_C33022","ncit","NCIT","NCIT_C33022","The lobe of the right lung situated below the oblique fissure.","Lower Lobe of the Right Lung","NCIT:C33022","class"
"http://purl.obolibrary.org/obo/NCIT_C48945","ncit","NCIT","NCIT_C48945","Either of the two (upper or lower) lobes that comprise the left lung.","Lobe of the Left Lung","NCIT:C48945","class"
"http://purl.obolibrary.org/obo/NCIT_C33021","ncit","NCIT","NCIT_C33021","The smaller lobe of the left lung, situated above and in front the oblique fissure, which includes the apex.","Upper Lobe of the Left Lung","NCIT:C33021","class"
"http://purl.obolibrary.org/obo/NCIT_C33023","ncit","NCIT","NCIT_C33023","The lobe of the right lung, situated above the horizontal fissure, which includes the apex.","Upper Lobe of the Right Lung","NCIT:C33023","class"
"http://purl.obolibrary.org/obo/NCIT_C12286","ncit","NCIT","NCIT_C12286","The smallest lobe of the right lung, situated above the oblique fissure and below the horizontal fissure.","Middle Lobe of the Right Lung","NCIT:C12286","class"
"http://purl.obolibrary.org/obo/NCIT_C41268","ncit","NCIT","NCIT_C41268","A part the bronchial tree of the right lung, an air passage arising from any segmental bronchus of the right lung and passing to the naturally delimited part of lung segment (subsegment), where it further subdivides into smaller passages.","Subsegmental Bronchus of Right Lung","NCIT:C41268","class"
"http://purl.obolibrary.org/obo/NCIT_C40373","ncit","NCIT","NCIT_C40373","A small tongue-like projection from the lower portion of the upper lobe of the left lung.","Lingula of the Lung","NCIT:C40373","class"
"http://purl.obolibrary.org/obo/NCIT_C33598","ncit","NCIT","NCIT_C33598","The layer of dense fibrous tissue that surrounds the splenic parenchyma.","Splenic Capsule","NCIT:C33598","class"
"http://purl.obolibrary.org/obo/NCIT_C77608","ncit","NCIT","NCIT_C77608","The tissues that surround the organs that are present within the abdominal cavity. The abdominal wall tissue is composed of layers of fat, parietal peritoneum, fascia, and muscles.","Abdominal Wall","NCIT:C77608","class"
"http://purl.obolibrary.org/obo/NCIT_C62484","ncit","NCIT","NCIT_C62484","The total system of structures outside the lungs that move as a part of breathing; it includes all structures from the skin to the parietal pleura.","Chest Wall","NCIT:C62484","class"
"http://purl.obolibrary.org/obo/NCIT_C81014","ncit","NCIT","NCIT_C81014","A portion of the peritoneal cavity formed by the greater and lesser omentum. It is located posteriorly to the stomach and extends into the greater omentum.","Omental Bursa","NCIT:C81014","class"
